{
  "" : {
    "transaction" : "",
    "sampleCount" : 2474,
    "errorCount" : 1633,
    "errorPct" : 66.00647,
    "meanResTime" : 475.91673403395396,
    "medianResTime" : 326.0,
    "minResTime" : 95.0,
    "maxResTime" : 21465.0,
    "pct1ResTime" : 726.0,
    "pct2ResTime" : 754.0,
    "pct3ResTime" : 1142.5,
    "throughput" : 54.216339410939696,
    "receivedKBytesPerSec" : 60.606219490982205,
    "sentKBytesPerSec" : 119.5886084943132
  },
  "-1" : {
    "transaction" : "-1",
    "sampleCount" : 853,
    "errorCount" : 0,
    "errorPct" : 0.0,
    "meanResTime" : 90.73153575615478,
    "medianResTime" : 87.0,
    "minResTime" : 84.0,
    "maxResTime" : 174.0,
    "pct1ResTime" : 99.20000000000005,
    "pct2ResTime" : 123.0,
    "pct3ResTime" : 160.22000000000025,
    "throughput" : 34.133653461384554,
    "receivedKBytesPerSec" : 8.100075967887156,
    "sentKBytesPerSec" : 16.30015287364946
  },
  "-2" : {
    "transaction" : "-2",
    "sampleCount" : 841,
    "errorCount" : 0,
    "errorPct" : 0.0,
    "meanResTime" : 87.51843043995255,
    "medianResTime" : 86.0,
    "minResTime" : 84.0,
    "maxResTime" : 167.0,
    "pct1ResTime" : 91.0,
    "pct2ResTime" : 93.0,
    "pct3ResTime" : 102.58000000000004,
    "throughput" : 34.573484069886945,
    "receivedKBytesPerSec" : 8.20444983299075,
    "sentKBytesPerSec" : 16.5101891700925
  },
  "-3" : {
    "transaction" : "-3",
    "sampleCount" : 843,
    "errorCount" : 0,
    "errorPct" : 0.0,
    "meanResTime" : 66.64650059311987,
    "medianResTime" : 66.0,
    "minResTime" : 64.0,
    "maxResTime" : 95.0,
    "pct1ResTime" : 69.60000000000002,
    "pct2ResTime" : 71.0,
    "pct3ResTime" : 77.0,
    "throughput" : 34.41940225379716,
    "receivedKBytesPerSec" : 7.764533125612445,
    "sentKBytesPerSec" : 16.234932899007838
  },
  "-4" : {
    "transaction" : "-4",
    "sampleCount" : 848,
    "errorCount" : 0,
    "errorPct" : 0.0,
    "meanResTime" : 66.57783018867929,
    "medianResTime" : 66.0,
    "minResTime" : 63.0,
    "maxResTime" : 96.0,
    "pct1ResTime" : 69.0,
    "pct2ResTime" : 71.0,
    "pct3ResTime" : 77.0,
    "throughput" : 34.465940497480084,
    "receivedKBytesPerSec" : 7.775031498943261,
    "sentKBytesPerSec" : 16.256884043245
  },
  "-5" : {
    "transaction" : "-5",
    "sampleCount" : 841,
    "errorCount" : 0,
    "errorPct" : 0.0,
    "meanResTime" : 66.6099881093938,
    "medianResTime" : 66.0,
    "minResTime" : 63.0,
    "maxResTime" : 85.0,
    "pct1ResTime" : 69.0,
    "pct2ResTime" : 72.0,
    "pct3ResTime" : 78.16000000000008,
    "throughput" : 34.59766332071746,
    "receivedKBytesPerSec" : 7.804746315513412,
    "sentKBytesPerSec" : 16.319015023346225
  },
  "-6" : {
    "transaction" : "-6",
    "sampleCount" : 848,
    "errorCount" : 0,
    "errorPct" : 0.0,
    "meanResTime" : 232.87735849056625,
    "medianResTime" : 199.0,
    "minResTime" : 47.0,
    "maxResTime" : 12256.0,
    "pct1ResTime" : 255.30000000000007,
    "pct2ResTime" : 399.54999999999995,
    "pct3ResTime" : 975.3599999999979,
    "throughput" : 32.56653481316487,
    "receivedKBytesPerSec" : 8.904911862974767,
    "sentKBytesPerSec" : 14.883924113829256
  },
  "-7" : {
    "transaction" : "-7",
    "sampleCount" : 849,
    "errorCount" : 0,
    "errorPct" : 0.0,
    "meanResTime" : 66.58539458186114,
    "medianResTime" : 66.0,
    "minResTime" : 64.0,
    "maxResTime" : 102.0,
    "pct1ResTime" : 69.0,
    "pct2ResTime" : 72.0,
    "pct3ResTime" : 78.5,
    "throughput" : 34.323832625833845,
    "receivedKBytesPerSec" : 7.742973961491813,
    "sentKBytesPerSec" : 16.256893382352942
  },
  "-8" : {
    "transaction" : "-8",
    "sampleCount" : 851,
    "errorCount" : 0,
    "errorPct" : 0.0,
    "meanResTime" : 66.75088131609873,
    "medianResTime" : 66.0,
    "minResTime" : 64.0,
    "maxResTime" : 222.0,
    "pct1ResTime" : 69.0,
    "pct2ResTime" : 72.0,
    "pct3ResTime" : 78.0,
    "throughput" : 34.31589983467075,
    "receivedKBytesPerSec" : 7.741184435360297,
    "sentKBytesPerSec" : 16.253136152163393
  },
  "-9" : {
    "transaction" : "-9",
    "sampleCount" : 841,
    "errorCount" : 0,
    "errorPct" : 0.0,
    "meanResTime" : 175.19143876337694,
    "medianResTime" : 201.0,
    "minResTime" : 47.0,
    "maxResTime" : 12057.0,
    "pct1ResTime" : 258.4000000000002,
    "pct2ResTime" : 379.39999999999986,
    "pct3ResTime" : 590.4800000000002,
    "throughput" : 26.653567014230028,
    "receivedKBytesPerSec" : 7.288084730453522,
    "sentKBytesPerSec" : 12.181513049472317
  },
  "-10" : {
    "transaction" : "-10",
    "sampleCount" : 830,
    "errorCount" : 830,
    "errorPct" : 100.0,
    "meanResTime" : 212.27108433734932,
    "medianResTime" : 29.0,
    "minResTime" : 21.0,
    "maxResTime" : 21221.0,
    "pct1ResTime" : 47.0,
    "pct2ResTime" : 58.0,
    "pct3ResTime" : 223.8299999999996,
    "throughput" : 18.633261494252874,
    "receivedKBytesPerSec" : 4.167008674007723,
    "sentKBytesPerSec" : 8.80712750314296
  },
  "-11" : {
    "transaction" : "-11",
    "sampleCount" : 837,
    "errorCount" : 837,
    "errorPct" : 100.0,
    "meanResTime" : 214.11230585424133,
    "medianResTime" : 28.0,
    "minResTime" : 21.0,
    "maxResTime" : 21224.0,
    "pct1ResTime" : 52.0,
    "pct2ResTime" : 102.09999999999445,
    "pct3ResTime" : 225.10000000000002,
    "throughput" : 18.79885005839547,
    "receivedKBytesPerSec" : 4.204039710324769,
    "sentKBytesPerSec" : 8.756886208842422
  },
  "-12" : {
    "transaction" : "-12",
    "sampleCount" : 821,
    "errorCount" : 0,
    "errorPct" : 0.0,
    "meanResTime" : 168.67113276492097,
    "medianResTime" : 200.0,
    "minResTime" : 46.0,
    "maxResTime" : 12058.0,
    "pct1ResTime" : 238.0,
    "pct2ResTime" : 299.0999999999998,
    "pct3ResTime" : 539.9399999999994,
    "throughput" : 32.65452231326068,
    "receivedKBytesPerSec" : 8.928970945032217,
    "sentKBytesPerSec" : 14.92413715098242
  },
  "-13" : {
    "transaction" : "-13",
    "sampleCount" : 813,
    "errorCount" : 813,
    "errorPct" : 100.0,
    "meanResTime" : 242.5301353013529,
    "medianResTime" : 28.0,
    "minResTime" : 21.0,
    "maxResTime" : 21228.0,
    "pct1ResTime" : 50.60000000000002,
    "pct2ResTime" : 69.2999999999995,
    "pct3ResTime" : 18130.220000000285,
    "throughput" : 18.947515614803766,
    "receivedKBytesPerSec" : 4.237286206826233,
    "sentKBytesPerSec" : 8.789130778351357
  },
  "-14" : {
    "transaction" : "-14",
    "sampleCount" : 803,
    "errorCount" : 0,
    "errorPct" : 0.0,
    "meanResTime" : 88.34495641344965,
    "medianResTime" : 87.0,
    "minResTime" : 84.0,
    "maxResTime" : 174.0,
    "pct1ResTime" : 92.0,
    "pct2ResTime" : 95.79999999999995,
    "pct3ResTime" : 108.96000000000004,
    "throughput" : 34.25475642010068,
    "receivedKBytesPerSec" : 8.128814267660609,
    "sentKBytesPerSec" : 16.42488808815374
  },
  "Total" : {
    "transaction" : "Total",
    "sampleCount" : 11719,
    "errorCount" : 2480,
    "errorPct" : 21.162214,
    "meanResTime" : 131.39371960064838,
    "medianResTime" : 66.0,
    "minResTime" : 21.0,
    "maxResTime" : 21228.0,
    "pct1ResTime" : 205.0,
    "pct2ResTime" : 219.0,
    "pct3ResTime" : 405.7999999999993,
    "throughput" : 257.62838550826586,
    "receivedKBytesPerSec" : 61.29456103120603,
    "sentKBytesPerSec" : 120.90927054250572
  }
}